{"training_loss": 120.46483385562897, "training_acc": 56.13132911392405, "_runtime": 6, "_timestamp": 1641827439, "_step": 1, "Sample images": {"_type": "image-file", "path": "media/images/Sample images_1_0d3caca4ba2e0e478051.png", "sha256": "0d3caca4ba2e0e478051939e4b186eeadbfb2c56c4abbe6dcd082f403b7e6ffb", "size": 507, "format": "png", "width": 28, "height": 28}, "_wandb": {"runtime": 5}}