{"gradients/linear_layers.0.bias": {"_type": "histogram", "values": [1.0, 0.0, 0.0, 0.0, 0.0, 0.0, 0.0, 0.0, 0.0, 0.0, 0.0, 0.0, 0.0, 0.0, 0.0, 0.0, 0.0, 0.0, 1.0, 0.0, 0.0, 0.0, 1.0, 0.0, 0.0, 0.0, 0.0, 0.0, 0.0, 0.0, 0.0, 2.0, 0.0, 0.0, 0.0, 0.0, 0.0, 0.0, 0.0, 1.0, 0.0, 0.0, 0.0, 1.0, 0.0, 0.0, 0.0, 0.0, 0.0, 0.0, 1.0, 0.0, 0.0, 0.0, 0.0, 0.0, 0.0, 0.0, 0.0, 1.0, 0.0, 0.0, 0.0, 1.0], "bins": [-0.021923797205090523, -0.02131934091448784, -0.020714884623885155, -0.02011042833328247, -0.019505970180034637, -0.018901513889431953, -0.01829705759882927, -0.017692601308226585, -0.0170881450176239, -0.016483688727021217, -0.015879232436418533, -0.015274775214493275, -0.01467031892389059, -0.014065862633287907, -0.013461405411362648, -0.012856949120759964, -0.01225249283015728, -0.011648036539554596, -0.011043580248951912, -0.010439123027026653, -0.00983466673642397, -0.009230210445821285, -0.008625753223896027, -0.008021296933293343, -0.007416840642690659, -0.0068123843520879745, -0.006207927595824003, -0.005603470839560032, -0.004999014548957348, -0.004394558258354664, -0.0037901015020906925, -0.003185644745826721, -0.002581188455224037, -0.0019767319317907095, -0.0013722754083573818, -0.0007678188849240541, -0.00016336236149072647, 0.0004410941619426012, 0.0010455506853759289, 0.0016500074416399002, 0.0022544637322425842, 0.002858920255675912, 0.0034633767791092396, 0.004067833535373211, 0.004672289825975895, 0.005276746116578579, 0.00588120287284255, 0.006485659629106522, 0.007090115919709206, 0.00769457221031189, 0.008299028500914574, 0.008903485722839832, 0.009507942013442516, 0.0101123983040452, 0.010716855525970459, 0.011321311816573143, 0.011925768107175827, 0.012530224397778511, 0.013134680688381195, 0.013739137910306454, 0.014343594200909138, 0.014948050491511822, 0.01555250771343708, 0.016156964004039764, 0.01676142029464245]}, "gradients/linear_layers.0.weight": {"_type": "histogram", "values": [1.0, 0.0, 0.0, 0.0, 0.0, 0.0, 1.0, 1.0, 0.0, 0.0, 1.0, 0.0, 0.0, 1.0, 3.0, 0.0, 3.0, 0.0, 1.0, 1.0, 3.0, 1.0, 5.0, 7.0, 6.0, 10.0, 9.0, 13.0, 8.0, 18.0, 17.0, 29.0, 22.0, 26.0, 39.0, 67.0, 63.0, 138.0, 627.0, 373.0, 120.0, 85.0, 51.0, 44.0, 44.0, 19.0, 18.0, 14.0, 12.0, 10.0, 7.0, 4.0, 11.0, 4.0, 4.0, 6.0, 6.0, 2.0, 1.0, 0.0, 1.0, 2.0, 0.0, 1.0], "bins": [-0.18402422964572906, -0.1792759895324707, -0.17452776432037354, -0.16977952420711517, -0.1650312840938568, -0.16028305888175964, -0.15553481876850128, -0.15078657865524292, -0.14603835344314575, -0.1412901133298874, -0.13654188811779022, -0.13179364800453186, -0.1270454078912735, -0.12229717522859573, -0.11754894256591797, -0.1128007024526596, -0.10805246233940125, -0.10330422967672348, -0.09855598956346512, -0.09380775690078735, -0.08905951678752899, -0.08431128412485123, -0.07956305146217346, -0.0748148113489151, -0.07006657868623734, -0.06531834602355957, -0.06057010591030121, -0.055821873247623444, -0.05107363685965538, -0.04632540047168732, -0.04157716780900955, -0.03682893142104149, -0.03208070248365402, -0.02733246609568596, -0.022584231570363045, -0.01783599704504013, -0.013087760657072067, -0.008339524269104004, -0.0035912897437810898, 0.0011569447815418243, 0.005905181169509888, 0.010653416626155376, 0.015401652082800865, 0.02014988660812378, 0.024898122996091843, 0.029646359384059906, 0.03439459204673767, 0.039142828434705734, 0.0438910648226738, 0.04863930121064186, 0.053387537598609924, 0.05813577026128769, 0.06288400292396545, 0.06763224303722382, 0.07238047569990158, 0.07712870836257935, 0.08187694847583771, 0.08662518113851547, 0.09137342125177383, 0.0961216539144516, 0.10086989402770996, 0.10561812669038773, 0.11036635935306549, 0.11511459946632385, 0.11986283212900162]}, "gradients/cnn_layers.5.weight": {"_type": "histogram", "values": [1.0, 0.0, 0.0, 0.0, 0.0, 0.0, 0.0, 0.0, 0.0, 0.0, 0.0, 0.0, 0.0, 0.0, 0.0, 2.0, 0.0, 0.0, 0.0, 0.0, 0.0, 0.0, 0.0, 0.0, 0.0, 0.0, 0.0, 0.0, 0.0, 0.0, 0.0, 0.0, 0.0, 0.0, 0.0, 0.0, 0.0, 0.0, 0.0, 0.0, 0.0, 0.0, 0.0, 0.0, 0.0, 0.0, 0.0, 0.0, 0.0, 0.0, 0.0, 0.0, 0.0, 0.0, 0.0, 0.0, 0.0, 0.0, 0.0, 0.0, 0.0, 0.0, 0.0, 1.0], "bins": [-0.055306244641542435, -0.05377328768372536, -0.05224033072590828, -0.0507073774933815, -0.04917442053556442, -0.047641463577747345, -0.04610850661993027, -0.04457554966211319, -0.04304259270429611, -0.041509635746479034, -0.03997667878866196, -0.03844372183084488, -0.0369107685983181, -0.03537781164050102, -0.033844854682683945, -0.03231189772486687, -0.03077894262969494, -0.02924598567187786, -0.027713030576705933, -0.026180073618888855, -0.024647116661071777, -0.0231141597032547, -0.02158120460808277, -0.020048247650265694, -0.018515292555093765, -0.016982335597276688, -0.015449379570782185, -0.013916423544287682, -0.012383466586470604, -0.010850510559976101, -0.009317554533481598, -0.00778459757566452, -0.006251640617847443, -0.004718684125691652, -0.0031857278663665056, -0.001652771607041359, -0.00011981511488556862, 0.0014131413772702217, 0.0029460974037647247, 0.004479054361581802, 0.00601201131939888, 0.00754496781155467, 0.00907792430371046, 0.010610880330204964, 0.012143837288022041, 0.013676793314516544, 0.015209749341011047, 0.016742706298828125, 0.018275661394000053, 0.01980861835181713, 0.02134157344698906, 0.022874530404806137, 0.024407487362623215, 0.025940444320440292, 0.02747339941561222, 0.0290063563734293, 0.030539311468601227, 0.032072268426418304, 0.03360522538423538, 0.03513818234205246, 0.03667113557457924, 0.038204092532396317, 0.039737049490213394, 0.04127000644803047, 0.04280296340584755]}, "gradients/cnn_layers.5.bias": {"_type": "histogram", "values": [1.0, 0.0, 0.0, 0.0, 0.0, 0.0, 1.0, 0.0, 0.0, 0.0, 0.0, 0.0, 0.0, 0.0, 0.0, 0.0, 0.0, 0.0, 0.0, 0.0, 0.0, 0.0, 0.0, 1.0, 0.0, 0.0, 0.0, 0.0, 0.0, 0.0, 0.0, 0.0, 0.0, 0.0, 0.0, 0.0, 0.0, 0.0, 0.0, 0.0, 0.0, 0.0, 0.0, 0.0, 0.0, 0.0, 0.0, 0.0, 0.0, 0.0, 0.0, 0.0, 0.0, 0.0, 0.0, 0.0, 0.0, 0.0, 0.0, 0.0, 0.0, 0.0, 0.0, 1.0], "bins": [-0.014144361019134521, -0.01303752139210701, -0.011930680833756924, -0.010823840275406837, -0.009717000648379326, -0.008610161021351814, -0.007503320463001728, -0.006396480370312929, -0.00528964027762413, -0.004182800184935331, -0.0030759600922465324, -0.0019691199995577335, -0.0008622799068689346, 0.0002445601858198643, 0.0013514002785086632, 0.002458240371197462, 0.003565080463886261, 0.00467192055657506, 0.005778760649263859, 0.006885600741952658, 0.007992440834641457, 0.009099280461668968, 0.010206121020019054, 0.01131296157836914, 0.012419801205396652, 0.013526640832424164, 0.01463348139077425, 0.015740321949124336, 0.016847161576151848, 0.01795400120317936, 0.01906084269285202, 0.020167682319879532, 0.021274525672197342, 0.022381365299224854, 0.023488204926252365, 0.024595046415925026, 0.025701886042952538, 0.02680872566998005, 0.02791556715965271, 0.02902240678668022, 0.030129246413707733, 0.031236086040735245, 0.032342925667762756, 0.03344976529479027, 0.03455660492181778, 0.03566344827413559, 0.0367702879011631, 0.03787712752819061, 0.038983967155218124, 0.040090806782245636, 0.04119764640927315, 0.04230448603630066, 0.04341132938861847, 0.04451816901564598, 0.04562500864267349, 0.046731848269701004, 0.047838687896728516, 0.04894552752375603, 0.05005236715078354, 0.05115920677781105, 0.05226604640483856, 0.05337288975715637, 0.054479729384183884, 0.055586569011211395, 0.05669340863823891]}, "gradients/cnn_layers.4.weight": {"_type": "histogram", "values": [2.0, 1.0, 2.0, 0.0, 0.0, 1.0, 2.0, 3.0, 4.0, 1.0, 1.0, 1.0, 3.0, 2.0, 2.0, 2.0, 1.0, 5.0, 2.0, 6.0, 2.0, 3.0, 5.0, 5.0, 5.0, 3.0, 4.0, 3.0, 6.0, 4.0, 6.0, 3.0, 5.0, 1.0, 6.0, 8.0, 1.0, 4.0, 1.0, 5.0, 1.0, 2.0, 1.0, 2.0, 0.0, 2.0, 0.0, 1.0, 2.0, 2.0, 1.0, 2.0, 0.0, 1.0, 0.0, 1.0, 0.0, 2.0, 1.0, 0.0, 0.0, 0.0, 0.0, 2.0],