{"training_loss": 123.61504501104355, "training_acc": 56.42800632911392, "_runtime": 5, "_timestamp": 1641824514, "_step": 1, "Sample images": {"_type": "image-file", "path": "media/images/Sample images_1_2ef1f30de8d3f2468517.png", "sha256": "2ef1f30de8d3f2468517d71170de373a264ed23aa14b12ea7f75aea0986ebf38", "size": 492, "format": "png", "width": 28, "height": 28}, "_wandb": {"runtime": 6}}