{"training_loss": 126.41208207607269, "training_acc": 55.69620253164557, "_runtime": 6, "_timestamp": 1641823488, "_step": 1, "Sample images": {"_type": "image-file", "path": "media/images/Sample images_1_47c70ea9fff9d1b40e58.png", "sha256": "47c70ea9fff9d1b40e58af16e891ac98c7959dea4f7e7fec1bc274d23980b94b", "size": 492, "format": "png", "width": 28, "height": 28}, "_wandb": {"runtime": 6}}