{"training_loss": 126.55789232254028, "training_acc": 53.28322784810127, "_runtime": 8, "_timestamp": 1641825479, "_step": 1, "Sample images": {"_type": "image-file", "path": "media/images/Sample images_1_b5e6f9ee4ef11213338a.png", "sha256": "b5e6f9ee4ef11213338aaead3d32af2b76d45f0bc0dc3572e1f8163f4febf63b", "size": 533, "format": "png", "width": 28, "height": 28}, "_wandb": {"runtime": 8}}