{"gradients/linear_layers.0.bias": {"_type": "histogram", "values": [1.0, 0.0, 0.0, 0.0, 0.0, 0.0, 0.0, 0.0, 0.0, 0.0, 0.0, 0.0, 0.0, 0.0, 0.0, 0.0, 0.0, 0.0, 0.0, 0.0, 0.0, 1.0, 0.0, 0.0, 0.0, 0.0, 0.0, 0.0, 0.0, 0.0, 0.0, 0.0, 1.0, 0.0, 0.0, 0.0, 0.0, 0.0, 0.0, 0.0, 0.0, 0.0, 0.0, 0.0, 0.0, 0.0, 0.0, 0.0, 0.0, 0.0, 1.0, 0.0, 0.0, 0.0, 1.0, 1.0, 1.0, 1.0, 0.0, 0.0, 1.0, 0.0, 0.0, 1.0], "bins": [-0.042158134281635284, -0.04122694209218025, -0.04029574990272522, -0.03936455771327019, -0.038433365523815155, -0.03750217333436012, -0.03657098114490509, -0.03563978895545006, -0.034708596765995026, -0.03377740457653999, -0.03284621238708496, -0.03191502019762993, -0.030983828008174896, -0.030052635818719864, -0.02912144362926483, -0.02819025330245495, -0.027259062975645065, -0.026327870786190033, -0.025396678596735, -0.024465486407279968, -0.023534294217824936, -0.022603102028369904, -0.02167190983891487, -0.020740719512104988, -0.019809525460004807, -0.018878333270549774, -0.017947141081094742, -0.01701594889163971, -0.016084756702184677, -0.01515356544405222, -0.014222373254597187, -0.01329118199646473, -0.012359989807009697, -0.011428797617554665, -0.010497605428099632, -0.0095664132386446, -0.008635221980512142, -0.00770402979105711, -0.0067728376016020775, -0.0058416458778083324, -0.004910454154014587, -0.003979261964559555, -0.00304807024076581, -0.0021168780513107777, -0.001185686094686389, -0.0002544941380620003, 0.0006766980513930321, 0.0016078897751867771, 0.0025390824303030968, 0.0034702743869274855, 0.004401466343551874, 0.0053326585330069065, 0.0062638502568006516, 0.007195042446255684, 0.008126234635710716, 0.009057426825165749, 0.009988619014620781, 0.010919811204075813, 0.011851003393530846, 0.012782195582985878, 0.013713386841118336, 0.014644579030573368, 0.0155757712200284, 0.016506962478160858, 0.01743815466761589]}, "gradients/linear_layers.0.weight": {"_type": "histogram", "values": [1.0, 0.0, 0.0, 0.0, 0.0, 1.0, 0.0, 0.0, 0.0, 2.0, 2.0, 1.0, 0.0, 1.0, 0.0, 2.0, 1.0, 1.0, 3.0, 4.0, 3.0, 3.0, 1.0, 3.0, 2.0, 5.0, 3.0, 3.0, 7.0, 8.0, 9.0, 7.0, 11.0, 6.0, 14.0, 18.0, 15.0, 9.0, 24.0, 24.0, 37.0, 33.0, 46.0, 58.0, 103.0, 750.0, 205.0, 122.0, 100.0, 74.0, 66.0, 45.0, 38.0, 37.0, 22.0, 12.0, 3.0, 7.0, 4.0, 3.0, 0.0, 0.0, 0.0, 1.0], "bins": [-0.2719918489456177, -0.2659657597541809, -0.25993967056274414, -0.2539135813713074, -0.2478874772787094, -0.24186138808727264, -0.23583529889583588, -0.2298092097043991, -0.22378310561180115, -0.21775701642036438, -0.2117309272289276, -0.20570483803749084, -0.19967873394489288, -0.19365264475345612, -0.18762655556201935, -0.18160046637058258, -0.1755743771791458, -0.16954828798770905, -0.16352219879627228, -0.15749609470367432, -0.15147000551223755, -0.14544391632080078, -0.139417827129364, -0.13339173793792725, -0.12736564874649048, -0.12133955955505371, -0.11531346291303635, -0.10928737372159958, -0.10326127707958221, -0.09723518788814545, -0.09120909869670868, -0.08518300950527191, -0.07915690541267395, -0.07313081622123718, -0.06710471957921982, -0.06107863038778305, -0.055052537471055984, -0.04902644455432892, -0.04300035536289215, -0.036974262446165085, -0.030948162078857422, -0.024922069162130356, -0.01889597810804844, -0.012869887053966522, -0.006843794137239456, -0.0008177012205123901, 0.0052083879709243774, 0.011234480887651443, 0.017260566353797913, 0.02328665927052498, 0.029312750324606895, 0.03533884137868881, 0.04136493429541588, 0.047391027212142944, 0.05341711640357971, 0.05944320932030678, 0.06546930223703384, 0.07149539142847061, 0.07752148807048798, 0.08354757726192474, 0.08957366645336151, 0.09559976309537888, 0.10162585228681564, 0.10765194892883301, 0.11367803812026978]}, "gradients/cnn_layers.5.weight": {"_type": "histogram", "values": [2.0, 0.0, 0.0, 0.0, 0.0, 0.0, 1.0, 0.0, 0.0, 0.0, 0.0, 0.0, 0.0, 0.0, 0.0, 0.0, 0.0, 0.0, 0.0, 0.0, 0.0, 0.0, 0.0, 0.0, 0.0, 0.0, 0.0, 0.0, 0.0, 0.0, 0.0, 0.0, 0.0, 0.0, 0.0, 0.0, 0.0, 0.0, 0.0, 0.0, 0.0, 0.0, 0.0, 0.0, 0.0, 0.0, 0.0, 0.0, 0.0, 0.0, 0.0, 0.0, 0.0, 0.0, 0.0, 0.0, 0.0, 0.0, 0.0, 0.0, 0.0, 0.0, 0.0, 1.0], "bins": [-0.06919264048337936, -0.06649685651063919, -0.06380107253789902, -0.061105288565158844, -0.05840950459241867, -0.0557137206196785, -0.053017932921648026, -0.05032214894890785, -0.04762636497616768, -0.044930581003427505, -0.04223479703068733, -0.03953900933265686, -0.03684322535991669, -0.034147441387176514, -0.03145165741443634, -0.028755873441696167, -0.026060089468955994, -0.02336430549621582, -0.020668521523475647, -0.017972735688090324, -0.015276951715350151, -0.012581167742609978, -0.009885381907224655, -0.007189597934484482, -0.00449381023645401, -0.0017980257980525494, 0.0008977586403489113, 0.0035935435444116592, 0.006289327517151833, 0.008985111489892006, 0.011680897325277328, 0.014376681298017502, 0.017072468996047974, 0.019768252968788147, 0.02246403694152832, 0.025159822776913643, 0.027855606749653816, 0.03055139072239399, 0.03324717655777931, 0.035942960530519485, 0.03863874077796936, 0.041334524750709534, 0.04403030872344971, 0.04672609269618988, 0.049421876668930054, 0.05211766064167023, 0.0548134483397007, 0.05750923231244087, 0.060205020010471344, 0.06290080398321152, 0.06559658795595169, 0.06829237192869186, 0.07098815590143204, 0.07368393987417221, 0.07637973129749298, 0.07907551527023315, 0.08177129924297333, 0.0844670832157135, 0.08716286718845367, 0.08985865116119385, 0.09255443513393402, 0.0952502191066742, 0.09794600307941437, 0.10064178705215454, 0.10333757102489471]}, "gradients/cnn_layers.5.bias": {"_type": "histogram", "values": [1.0, 0.0, 0.0, 0.0, 0.0, 0.0, 0.0, 1.0, 0.0, 0.0, 0.0, 0.0, 0.0, 0.0, 0.0, 0.0, 0.0, 0.0, 0.0, 0.0, 0.0, 1.0, 0.0, 0.0, 0.0, 0.0, 0.0, 0.0, 0.0, 0.0, 0.0, 0.0, 0.0, 0.0, 0.0, 0.0, 0.0, 0.0, 0.0, 0.0, 0.0, 0.0, 0.0, 0.0, 0.0, 0.0, 0.0, 0.0, 0.0, 0.0, 0.0, 0.0, 0.0, 0.0, 0.0, 0.0, 0.0, 0.0, 0.0, 0.0, 0.0, 0.0, 0.0, 1.0], "bins": [-0.047618940472602844, -0.045385610312223434, -0.043152280151844025, -0.040918949991464615, -0.038685619831085205, -0.036452289670705795, -0.034218959510326385, -0.031985633075237274, -0.029752301052212715, -0.027518970891833305, -0.025285640731453896, -0.023052312433719635, -0.020818982273340225, -0.018585652112960815, -0.016352321952581406, -0.014118991792201996, -0.011885661631822586, -0.009652331471443176, -0.007419001776725054, -0.005185672082006931, -0.0029523419216275215, -0.0007190117612481117, 0.0015143174678087234, 0.0037476476281881332, 0.005980975925922394, 0.008214306086301804, 0.010447636246681213, 0.012680965475738049, 0.014914295636117458, 0.017147626727819443, 0.019380955025553703, 0.021614285185933113, 0.023847617208957672, 0.026080947369337082, 0.02831427752971649, 0.0305476076900959, 0.03278093785047531, 0.03501426801085472, 0.03724759817123413, 0.03948092460632324, 0.04171425849199295, 0.04394758865237236, 0.04618091881275177, 0.04841424897313118, 0.05064757913351059, 0.05288090929389, 0.05511423945426941, 0.05734756588935852, 0.05958089604973793, 0.06181422621011734, 0.06404755264520645, 0.06628088653087616, 0.06851421296596527, 0.07074754685163498, 0.07298087328672409, 0.0752142071723938, 0.07744753360748291, 0.07968086004257202, 0.08191419392824173, 0.08414752036333084, 0.08638085424900055, 0.08861418068408966, 0.09084751456975937, 0.09308084100484848, 0.09531417489051819]}, "gradients/cnn_layers.4.weight": {"_type": "histogram", "values": [1.0, 1.0, 3.0, 8.0, 4.0, 2.0, 8.0, 8.0, 10.0, 11.0, 7.0, 20.0, 5.0, 5.0, 7.0, 5.0, 3.0, 3.0, 0.0, 2.0, 4.0, 2.0, 1.0, 1.0, 1.0, 0.0, 1.0, 1.0, 4.0, 2.0, 0.0, 1.0, 1.0, 1.0, 0.0, 1.0, 0.0, 0.0, 1.0, 0.0, 0.0, 0.0, 1.0, 0.0, 1.0, 1.0, 2.0, 0.0, 0.0, 0.0, 1.0, 0.0, 0.0, 2.0, 0.0, 0.0, 0.0, 0.0, 0.0, 0.0, 0.0, 0.0, 0.0, 1.0],