{"training_loss": 117.34410488605499, "training_acc": 59.71123417721519, "_runtime": 7, "_timestamp": 1641823562, "_step": 1, "Sample images": {"_type": "image-file", "path": "media/images/Sample images_1_42fbd43cdc3fb38c51f4.png", "sha256": "42fbd43cdc3fb38c51f4e5379caf2cd6bed3d6e8653a4af3bab4aded183afe35", "size": 575, "format": "png", "width": 28, "height": 28}, "_wandb": {"runtime": 7}}