{"training_loss": 126.80496668815613, "training_acc": 52.67009493670886, "_runtime": 5, "_timestamp": 1641824342, "_step": 1, "Sample images": {"_type": "image-file", "path": "media/images/Sample images_1_35edab2a42deba7f7c43.png", "sha256": "35edab2a42deba7f7c436c9c1fe933d6b295a2d50ad4277971753ce580961379", "size": 442, "format": "png", "width": 28, "height": 28}, "_wandb": {"runtime": 5}}