{"training_loss": 114.25293618440628, "training_acc": 60.3243670886076, "_runtime": 6, "_timestamp": 1641824125, "_step": 1, "Sample images": {"_type": "image-file", "path": "media/images/Sample images_1_c98b5ef17e48643ad7ac.png", "sha256": "c98b5ef17e48643ad7acbe31611d80ea96252d2cfbd299d7df7f33bfb21e42a7", "size": 479, "format": "png", "width": 28, "height": 28}, "_wandb": {"runtime": 6}}