{"gradients/linear_layers.0.bias": {"_type": "histogram", "values": [1.0, 0.0, 0.0, 0.0, 0.0, 0.0, 0.0, 0.0, 0.0, 0.0, 0.0, 1.0, 0.0, 0.0, 0.0, 1.0, 1.0, 0.0, 0.0, 0.0, 0.0, 0.0, 0.0, 0.0, 0.0, 0.0, 1.0, 1.0, 0.0, 0.0, 0.0, 0.0, 0.0, 1.0, 0.0, 0.0, 0.0, 1.0, 0.0, 0.0, 0.0, 0.0, 0.0, 0.0, 0.0, 0.0, 1.0, 0.0, 0.0, 0.0, 0.0, 0.0, 0.0, 0.0, 0.0, 0.0, 0.0, 0.0, 0.0, 0.0, 0.0, 0.0, 0.0, 1.0], "bins": [-0.006435450632125139, -0.006205371115356684, -0.005975291598588228, -0.005745211616158485, -0.00551513209939003, -0.005285052582621574, -0.005054973065853119, -0.004824893549084663, -0.004594814032316208, -0.004364734515547752, -0.004134654998779297, -0.0039045752491801977, -0.0036744954995810986, -0.003444415982812643, -0.0032143364660441875, -0.002984256949275732, -0.0027541769668459892, -0.0025240974500775337, -0.0022940177004784346, -0.002063938183709979, -0.0018338585505262017, -0.0016037789173424244, -0.0013736994005739689, -0.0011436197673901916, -0.0009135403670370579, -0.0006834607338532805, -0.0004533811588771641, -0.0002233015839010477, 6.778049282729626e-06, 0.00023685768246650696, 0.00046693719923496246, 0.0006970168324187398, 0.0009270971640944481, 0.0011571767972782254, 0.0013872564304620028, 0.0016173359472304583, 0.0018474155804142356, 0.002077495213598013, 0.0023075747303664684, 0.002537654247134924, 0.0027677342295646667, 0.0029978137463331223, 0.0032278934959322214, 0.003457973012700677, 0.003688052762299776, 0.003918132279068232, 0.004148211795836687, 0.004378291312605143, 0.004608370829373598, 0.004838450346142054, 0.005068529862910509, 0.005298609845340252, 0.005528689362108707, 0.005758768878877163, 0.0059888483956456184, 0.006218927912414074, 0.0064490074291825294, 0.006679086945950985, 0.0069091664627194405, 0.007139245979487896, 0.007369325961917639, 0.007599405478686094, 0.007829485461115837, 0.008059564977884293, 0.008289644494652748]}, "gradients/linear_layers.0.weight": {"_type": "histogram", "values": [1.0, 0.0, 1.0, 2.0, 3.0, 2.0, 4.0, 3.0, 8.0, 5.0, 3.0, 6.0, 5.0, 5.0, 11.0, 9.0, 12.0, 13.0, 22.0, 18.0, 18.0, 29.0, 19.0, 30.0, 37.0, 43.0, 74.0, 105.0, 192.0, 641.0, 171.0, 115.0, 71.0, 38.0, 41.0, 28.0, 29.0, 29.0, 16.0, 13.0, 13.0, 7.0, 7.0, 6.0, 12.0, 6.0, 3.0, 7.0, 4.0, 0.0, 2.0, 2.0, 4.0, 4.0, 3.0, 2.0, 0.0, 1.0, 0.0, 1.0, 0.0, 1.0, 1.0, 2.0], "bins": [-0.03919161111116409, -0.03785398602485657, -0.03651635721325874, -0.03517873212695122, -0.033841103315353394, -0.03250347822904587, -0.031165853142738342, -0.029828226193785667, -0.028490599244832993, -0.027152972295880318, -0.025815345346927643, -0.024477720260620117, -0.023140093311667442, -0.021802466362714767, -0.020464841276407242, -0.019127214327454567, -0.017789587378501892, -0.016451960429549217, -0.015114334411919117, -0.013776708394289017, -0.012439081445336342, -0.011101454496383667, -0.009763828478753567, -0.008426202461123466, -0.007088575512170792, -0.005750949028879404, -0.0044133225455880165, -0.003075696062296629, -0.0017380695790052414, -0.00040044309571385384, 0.0009371833875775337, 0.002274809405207634, 0.0036124400794506073, 0.004950066562741995, 0.006287693046033382, 0.00762531952932477, 0.008962946012616158, 0.010300572961568832, 0.011638198979198933, 0.012975824996829033, 0.014313451945781708, 0.015651078894734383, 0.016988705843687057, 0.018326330929994583, 0.019663957878947258, 0.021001584827899933, 0.02233920991420746, 0.023676836863160133, 0.025014463812112808, 0.026352090761065483, 0.027689717710018158, 0.029027342796325684, 0.03036496974527836, 0.03170259669423103, 0.03304022178053856, 0.03437785059213638, 0.03571547567844391, 0.037053100764751434, 0.03839072957634926, 0.039728354662656784, 0.04106598347425461, 0.042403608560562134, 0.04374123364686966, 0.045078858733177185, 0.04641648754477501]}, "gradients/cnn_layers.5.weight": {"_type": "histogram", "values": [1.0, 0.0, 0.0, 0.0, 0.0, 0.0, 0.0, 0.0, 0.0, 0.0, 1.0, 0.0, 0.0, 0.0, 0.0, 0.0, 0.0, 0.0, 0.0, 0.0, 0.0, 0.0, 0.0, 0.0, 1.0, 0.0, 0.0, 0.0, 0.0, 0.0, 0.0, 0.0, 0.0, 0.0, 0.0, 0.0, 0.0, 0.0, 0.0, 0.0, 0.0, 0.0, 0.0, 0.0, 0.0, 0.0, 0.0, 0.0, 0.0, 0.0, 0.0, 0.0, 0.0, 0.0, 0.0, 0.0, 0.0, 0.0, 0.0, 0.0, 0.0, 0.0, 0.0, 1.0], "bins": [-0.037331677973270416, -0.03692179545760155, -0.03651191666722298, -0.03610203415155411, -0.03569215536117554, -0.03528227284550667, -0.0348723940551281, -0.03446251153945923, -0.03405263274908066, -0.03364275023341179, -0.03323287144303322, -0.03282298892736435, -0.03241311013698578, -0.03200322762131691, -0.03159334883093834, -0.03118346631526947, -0.03077358566224575, -0.03036370500922203, -0.02995382435619831, -0.02954394370317459, -0.02913406305015087, -0.02872418239712715, -0.02831430174410343, -0.027904421091079712, -0.027494538575410843, -0.027084657922387123, -0.026674777269363403, -0.026264896616339684, -0.025855015963315964, -0.025445135310292244, -0.025035254657268524, -0.024625372141599655, -0.024215493351221085, -0.023805612698197365, -0.023395732045173645, -0.022985851392149925, -0.022575970739126205, -0.022166090086102486, -0.021756209433078766, -0.021346326917409897, -0.020936446264386177, -0.020526565611362457, -0.020116684958338737, -0.019706804305315018, -0.019296923652291298, -0.018887042999267578, -0.01847716234624386, -0.01806728169322014, -0.01765739917755127, -0.01724751852452755, -0.01683763787150383, -0.01642775721848011, -0.01601787656545639, -0.01560799591243267, -0.015198114328086376, -0.014788233675062656, -0.014378353953361511, -0.013968473300337791, -0.013558592647314072, -0.013148711994290352, -0.012738831341266632, -0.012328950688242912, -0.011919069103896618, -0.011509188450872898, -0.011099307797849178]}, "gradients/cnn_layers.5.bias": {"_type": "histogram", "values": [1.0, 0.0, 0.0, 0.0, 0.0, 0.0, 1.0, 0.0, 0.0, 0.0, 0.0, 0.0, 0.0, 0.0, 0.0, 0.0, 0.0, 0.0, 0.0, 0.0, 0.0, 0.0, 0.0, 0.0, 0.0, 0.0, 0.0, 0.0, 0.0, 0.0, 0.0, 0.0, 0.0, 0.0, 1.0, 0.0, 0.0, 0.0, 0.0, 0.0, 0.0, 0.0, 0.0, 0.0, 0.0, 0.0, 0.0, 0.0, 0.0, 0.0, 0.0, 0.0, 0.0, 0.0, 0.0, 0.0, 0.0, 0.0, 0.0, 0.0, 0.0, 0.0, 0.0, 1.0], "bins": [-0.020019158720970154, -0.019807934761047363, -0.019596712663769722, -0.01938548870384693, -0.01917426660656929, -0.0189630426466465, -0.01875181868672371, -0.018540596589446068, -0.018329372629523277, -0.018118148669600487, -0.017906926572322845, -0.017695702612400055, -0.017484480515122414, -0.017273256555199623, -0.017062032595276833, -0.01685081049799919, -0.0166395865380764, -0.01642836257815361, -0.01621714048087597, -0.01600591652095318, -0.015794694423675537, -0.015583470463752747, -0.01537224743515253, -0.015161024406552315, -0.014949801377952099, -0.014738578349351883, -0.014527355320751667, -0.014316131360828876, -0.01410490833222866, -0.013893685303628445, -0.013682462275028229, -0.013471238315105438, -0.013260015286505222, -0.013048792257905006, -0.01283756922930479, -0.012626345269382, -0.012415122240781784, -0.012203899212181568, -0.011992676183581352, -0.011781452223658562, -0.011570229195058346, -0.01135900616645813, -0.011147783137857914, -0.010936559177935123, -0.010725336149334908, -0.010514113120734692, -0.010302890092134476, -0.010091666132211685, -0.009880444034934044, -0.009669221006333828, -0.009457997977733612, -0.009246774017810822, -0.009035550989210606, -0.00882432796061039, -0.008613104932010174, -0.008401881903409958, -0.008190657943487167, -0.007979434914886951, -0.007768211420625448, -0.007556988392025232, -0.007345764897763729, -0.007134541869163513, -0.006923318840563297, -0.006712095346301794, -0.006500871852040291]}, "gradients/cnn_layers.4.weight": {"_type": "histogram", "values": [2.0, 0.0, 1.0, 0.0, 0.0, 2.0, 0.0, 1.0, 1.0, 1.0, 4.0, 1.0, 4.0, 5.0, 1.0, 7.0, 2.0, 3.0, 7.0, 5.0, 6.0, 5.0, 5.0, 4.0, 5.0, 5.0, 5.0, 7.0, 2.0, 4.0, 3.0, 2.0, 1.0, 1.0, 2.0, 1.0, 5.0, 6.0, 4.0, 6.0, 1.0, 4.0, 3.0, 2.0, 0.0, 2.0, 1.0, 2.0, 1.0, 0.0, 0.0, 0.0, 0.0, 0.0, 0.0, 0.0, 0.0, 0.0, 1.0, 0.0, 0.0, 0.0, 0.0, 1.0],